{
  "__comment": "Instructions: https://blakesmods.com/docs/cucumber/tags-config",
  "forge:ingots/constantan": "null",
  "forge:ingots/nickel": "null",
  "forge:ingots/silver": "null",
  "forge:ingots/mithril": "null",
  "forge:rubber": "null",
  "forge:ingots/aluminum": "null",
  "forge:dusts/niter": "null",
  "forge:ingots/electrum": "createaddition:electrum_ingot",
  "forge:ingots/platinum": "null",
  "forge:gems/ruby": "null",
  "forge:dusts/saltpeter": "null",
  "forge:ingots/titanium": "null",
  "forge:ingots/bronze": "null",
  "forge:ingots/brass": "create:brass_ingot",
  "forge:gems/apatite": "null",
  "forge:ingots/lead": "null",
  "forge:ingots/steel": "null",
  "forge:dusts/sulfur": "null",
  "forge:ingots/tin": "null",
  "forge:silicon": "ae2:silicon",
  "forge:ingots/iridium": "null",
  "forge:ingots/zinc": "create:zinc_ingot",
  "forge:ingots/tungsten": "null",
  "forge:gems/peridot": "null",
  "forge:ingots/chrome": "null",
  "forge:ingots/uranium": "biggerreactors:uranium_ingot",
  "forge:ingots/invar": "null",
  "forge:gems/sapphire": "null",
  "forge:ingots/graphite": "biggerreactors:graphite_ingot"
}